epoch,steps,cosine_pearson,cosine_spearman
1.0,234,0.9413583846364966,0.7806986203404087
2.0,468,0.9503529057381603,0.7867322921951185
